Designator,Mid X,Mid Y,Rotation,Layer
C1,126.7028,-87.3516,90.0,top
C10,121.285,-63.373,270.0,top
C11,101.5735,-63.627,0.0,top
C12,115.697,-62.484,180.0,top
C13,69.1388,-106.1212,270.0,top
C14,68.4784,-74.1172,90.0,top
C2,120.0404,-100.6348,180.0,top
C3,126.449525,-106.1964,90.0,top
C4,120.1288,-81.9404,180.0,top
C5,119.126,-64.135,270.0,top
C6,112.141,-62.846,270.0,top
C7,110.375,-62.846,270.0,top
C8,109.347,-55.753,90.0,top
C9,101.547,-65.278,0.0,top
D1,108.331,-62.865,270.0,top
D2,111.6838,-73.8397,270.0,top
D3,109.0168,-73.8397,270.0,top
D4,106.3498,-73.8397,270.0,top
D5,103.8098,-73.8397,270.0,top
D6,111.505275,-87.3507,90.0,top
D7,111.76,-105.918,90.0,top
J1,130.0048,-90.0656,270.0,top
J10,60.723,-110.423,270.0,top
J11,60.706,-97.743,270.0,top
J12,130.048,-71.8528,270.0,top
J13,67.604,-123.19,0.0,top
J14,106.045,-123.19,0.0,top
J15,116.292,-123.19,0.0,top
J16,130.005525,-108.4814,270.0,top
J2,60.706,-59.603,270.0,top
J3,126.532,-123.19,0.0,top
J4,105.0544,-61.2648,0.0,top
J5,95.798,-123.19,0.0,top
J6,85.598,-123.19,0.0,top
J7,75.311,-123.19,0.0,top
J8,60.706,-72.303,270.0,top
J9,60.706,-85.01,270.0,top
Q1,120.7198,-91.2896,0.0,top
Q2,120.824025,-109.7034,0.0,top
Q3,120.362,-72.112,180.0,top
R1,109.727275,-87.3507,90.0,top
R10,103.886,-57.023,0.0,top
R11,113.3348,-87.3252,90.0,top
R12,113.538,-105.918,90.0,top
R2,109.982,-105.918,90.0,top
R3,77.9545,-65.278,0.0,bottom
R4,77.9545,-67.818,0.0,bottom
R5,125.656,-72.112,270.0,top
R6,109.0168,-77.5227,90.0,top
R7,106.3498,-77.5227,90.0,top
R8,111.6838,-77.5227,90.0,top
R9,103.8098,-77.5227,90.0,top
SW1,102.362,-53.721,0.0,top
SW2,129.5908,-57.15,180.0,top
U1,83.808,-76.723,0.0,top
U2,111.099112,-91.2642,0.0,top
U3,111.479275,-109.8314,0.0,top
U4,116.84,-56.769,90.0,top
